key,file,line,original
"client.src.components.ai.analytics.541","client/src/components/ai/analytics.tsx",541,"جاري تحميل بيانات التحليلات..."
"client.src.components.ai.analytics.554","client/src/components/ai/analytics.tsx",554,"لا توجد بيانات"
"client.src.components.ai.analytics.555","client/src/components/ai/analytics.tsx",555,"لم يتم العثور على بيانات التحليلات."
"client.src.components.ai.analytics.567","client/src/components/ai/analytics.tsx",567,"التحليلات الذكية"
"client.src.components.ai.analytics.568","client/src/components/ai/analytics.tsx",568,"تحليل شامل لاستخدام النظام والأداء"
"client.src.components.ai.analytics.576","client/src/components/ai/analytics.tsx",576,"المقاييس المتقدمة"
"client.src.components.ai.analytics.583","client/src/components/ai/analytics.tsx",583,"تصدير"
"client.src.components.ai.analytics.592","client/src/components/ai/analytics.tsx",592,"تحديث"
"client.src.components.ai.analytics.601","client/src/components/ai/analytics.tsx",601,"الفترة:"
"client.src.components.ai.analytics.607","client/src/components/ai/analytics.tsx",607,"اليوم"
"client.src.components.ai.analytics.608","client/src/components/ai/analytics.tsx",608,"الأسبوع"
"client.src.components.ai.analytics.609","client/src/components/ai/analytics.tsx",609,"الشهر"
"client.src.components.ai.analytics.613","client/src/components/ai/analytics.tsx",613,"الفئة:"
"client.src.components.ai.analytics.619","client/src/components/ai/analytics.tsx",619,"الكل"
"client.src.components.ai.analytics.620","client/src/components/ai/analytics.tsx",620,"الأداء"
"client.src.components.ai.analytics.621","client/src/components/ai/analytics.tsx",621,"الاستخدام"
"client.src.components.ai.analytics.622","client/src/components/ai/analytics.tsx",622,"الذكاء الاصطناعي"
"client.src.components.ai.analytics.623","client/src/components/ai/analytics.tsx",623,"المستخدمين"
"client.src.components.ai.analytics.634","client/src/components/ai/analytics.tsx",634,"الوقت الفعلي"
"client.src.components.ai.analytics.644","client/src/components/ai/analytics.tsx",644,"المقاييس في الوقت الفعلي"
"client.src.components.ai.analytics.653","client/src/components/ai/analytics.tsx",653,"المستخدمين النشطين"
"client.src.components.ai.analytics.659","client/src/components/ai/analytics.tsx",659,"الطلبات الحالية"
"client.src.components.ai.analytics.665","client/src/components/ai/analytics.tsx",665,"الاستخدام الأقصى"
"client.src.components.ai.analytics.670","client/src/components/ai/analytics.tsx",670,"د"
"client.src.components.ai.analytics.671","client/src/components/ai/analytics.tsx",671,"متوسط الجلسة"
"client.src.components.ai.analytics.683","client/src/components/ai/analytics.tsx",683,"إحصائيات الاستخدام"
"client.src.components.ai.analytics.692","client/src/components/ai/analytics.tsx",692,"إجمالي الطلبات"
"client.src.components.ai.analytics.698","client/src/components/ai/analytics.tsx",698,"متوسط وقت الاستجابة"
"client.src.components.ai.analytics.704","client/src/components/ai/analytics.tsx",704,"معدل النجاح"
"client.src.components.ai.analytics.709","client/src/components/ai/analytics.tsx",709,"الميزات الأكثر استخداماً"
"client.src.components.ai.analytics.750","client/src/components/ai/analytics.tsx",750,"أداء الذكاء الاصطناعي"
"client.src.components.ai.analytics.759","client/src/components/ai/analytics.tsx",759,"دقة النموذج"
"client.src.components.ai.analytics.765","client/src/components/ai/analytics.tsx",765,"جودة الاستجابة"
"client.src.components.ai.analytics.771","client/src/components/ai/analytics.tsx",771,"رضا المستخدمين"
"client.src.components.ai.analytics.777","client/src/components/ai/analytics.tsx",777,"معدل التعلم"
"client.src.components.ai.analytics.783","client/src/components/ai/analytics.tsx",783,"مجالات التحسين"
"client.src.components.ai.analytics.803","client/src/components/ai/analytics.tsx",803,"الرؤى والتوصيات"
"client.src.components.ai.analytics.837","client/src/components/ai/analytics.tsx",837,"الثقة:"
"client.src.components.ai.analytics.854","client/src/components/ai/analytics.tsx",854,"التوصيات"
"client.src.components.ai.analytics.874","client/src/components/ai/analytics.tsx",874,"التأثير المتوقع:"
"client.src.components.ai.analytics.878","client/src/components/ai/analytics.tsx",878,"وقت التنفيذ:"
"client.src.components.ai.analytics.882","client/src/components/ai/analytics.tsx",882,"التكلفة:"
"client.src.components.ai.analytics.886","client/src/components/ai/analytics.tsx",886,"الفئة:"
"client.src.components.ai.analytics.904","client/src/components/ai/analytics.tsx",904,"تفاعلات المستخدمين"
"client.src.components.ai.analytics.912","client/src/components/ai/analytics.tsx",912,"د"
"client.src.components.ai.analytics.913","client/src/components/ai/analytics.tsx",913,"متوسط مدة الجلسة"
"client.src.components.ai.analytics.919","client/src/components/ai/analytics.tsx",919,"النقرات لكل جلسة"
"client.src.components.ai.analytics.925","client/src/components/ai/analytics.tsx",925,"معدل الكفاءة"
"client.src.components.ai.analytics.930","client/src/components/ai/analytics.tsx",930,"أجهزة المستخدمين"
"client.src.components.ai.analytics.964","client/src/components/ai/analytics.tsx",964,"اتجاهات الأداء"
"client.src.components.ai.analytics.973","client/src/components/ai/analytics.tsx",973,"وقت الاستجابة"
"client.src.components.ai.analytics.979","client/src/components/ai/analytics.tsx",979,"الدقة"
"client.src.components.ai.analytics.985","client/src/components/ai/analytics.tsx",985,"رضا المستخدمين"
"client.src.components.ai.analytics.991","client/src/components/ai/analytics.tsx",991,"صحة النظام"
"client.src.components.ai.chatbot.614","client/src/components/ai/chatbot.tsx",614,"المساعد الذكي"
"client.src.components.ai.chatbot.640","client/src/components/ai/chatbot.tsx",640,"المساعد الذكي"
"client.src.components.ai.chatbot.643","client/src/components/ai/chatbot.tsx",643,"نشط"
"client.src.components.ai.chatbot.652","client/src/components/ai/chatbot.tsx",652,"مسح المحادثة"
"client.src.components.ai.chatbot.672","client/src/components/ai/chatbot.tsx",672,"ابحث في قاعدة المعرفة..."
"client.src.components.ai.chatbot.691","client/src/components/ai/chatbot.tsx",691,"نتائج البحث في المعرفة"
"client.src.components.ai.chatbot.721","client/src/components/ai/chatbot.tsx",721,"استخدام"
"client.src.components.ai.chatbot.733","client/src/components/ai/chatbot.tsx",733,"الإجراءات السريعة"
"client.src.components.ai.chatbot.735","client/src/components/ai/chatbot.tsx",735,"إجراء"
"client.src.components.ai.chatbot.753","client/src/components/ai/chatbot.tsx",753,"استخدام"
"client.src.components.ai.chatbot.796","client/src/components/ai/chatbot.tsx",796,"جاري الكتابة..."
"client.src.components.ai.chatbot.811","client/src/components/ai/chatbot.tsx",811,"اكتب رسالتك هنا..."
"client.src.components.ai.smart_analytics.802","client/src/components/ai/smart-analytics.tsx",802,"التحليلات الذكية"
"client.src.components.ai.smart_analytics.803","client/src/components/ai/smart-analytics.tsx",803,"تحليل ذكي لسلوك المستخدمين وأداء النظام"
"client.src.components.ai.smart_analytics.811","client/src/components/ai/smart-analytics.tsx",811,"المقاييس المتقدمة"
"client.src.components.ai.smart_analytics.818","client/src/components/ai/smart-analytics.tsx",818,"وضع التعلم"
"client.src.components.ai.smart_analytics.825","client/src/components/ai/smart-analytics.tsx",825,"المراقبة"
"client.src.components.ai.smart_analytics.837","client/src/components/ai/smart-analytics.tsx",837,"تحليل"
"client.src.components.ai.smart_analytics.849","client/src/components/ai/smart-analytics.tsx",849,"مقاييس النظام"
"client.src.components.ai.smart_analytics.856","client/src/components/ai/smart-analytics.tsx",856,"المستخدمين النشطين"
"client.src.components.ai.smart_analytics.862","client/src/components/ai/smart-analytics.tsx",862,"الطلبات الحالية"
"client.src.components.ai.smart_analytics.866","client/src/components/ai/smart-analytics.tsx",866,"الاستخدام الأقصى"
"client.src.components.ai.smart_analytics.871","client/src/components/ai/smart-analytics.tsx",871,"د"
"client.src.components.ai.smart_analytics.872","client/src/components/ai/smart-analytics.tsx",872,"متوسط الجلسة"
"client.src.components.ai.smart_analytics.885","client/src/components/ai/smart-analytics.tsx",885,"أداء الذكاء الاصطناعي"
"client.src.components.ai.smart_analytics.894","client/src/components/ai/smart-analytics.tsx",894,"دقة النموذج"
"client.src.components.ai.smart_analytics.900","client/src/components/ai/smart-analytics.tsx",900,"جودة الاستجابة"
"client.src.components.ai.smart_analytics.906","client/src/components/ai/smart-analytics.tsx",906,"رضا المستخدمين"
"client.src.components.ai.smart_analytics.912","client/src/components/ai/smart-analytics.tsx",912,"معدل التعلم"
"client.src.components.ai.smart_analytics.918","client/src/components/ai/smart-analytics.tsx",918,"مجالات التحسين"
"client.src.components.ai.smart_analytics.939","client/src/components/ai/smart-analytics.tsx",939,"سلوك المستخدم"
"client.src.components.ai.smart_analytics.947","client/src/components/ai/smart-analytics.tsx",947,"د"
"client.src.components.ai.smart_analytics.948","client/src/components/ai/smart-analytics.tsx",948,"متوسط مدة الجلسة"
"client.src.components.ai.smart_analytics.954","client/src/components/ai/smart-analytics.tsx",954,"النقرات لكل جلسة"
"client.src.components.ai.smart_analytics.960","client/src/components/ai/smart-analytics.tsx",960,"معدل الكفاءة"
"client.src.components.ai.smart_analytics.965","client/src/components/ai/smart-analytics.tsx",965,"الميزات المستخدمة"
"client.src.components.ai.smart_analytics.977","client/src/components/ai/smart-analytics.tsx",977,"أجهزة المستخدمين"
"client.src.components.ai.smart_analytics.1014","client/src/components/ai/smart-analytics.tsx",1014,"الاقتراحات الذكية"
"client.src.components.ai.smart_analytics.1016","client/src/components/ai/smart-analytics.tsx",1016,"اقتراح"
"client.src.components.ai.smart_analytics.1052","client/src/components/ai/smart-analytics.tsx",1052,"الثقة:"
"client.src.components.ai.smart_analytics.1082","client/src/components/ai/smart-analytics.tsx",1082,"إحصائيات التفاعل"
"client.src.components.ai.smart_analytics.1084","client/src/components/ai/smart-analytics.tsx",1084,"تفاعل"
"client.src.components.ai.smart_analytics.1094","client/src/components/ai/smart-analytics.tsx",1094,"النقرات"
"client.src.components.ai.smart_analytics.1100","client/src/components/ai/smart-analytics.tsx",1100,"المفاتيح"
"client.src.components.ai.smart_analytics.1106","client/src/components/ai/smart-analytics.tsx",1106,"الصفحات"
"client.src.components.ai.smart_analytics.1112","client/src/components/ai/smart-analytics.tsx",1112,"المسارات"
"client.src.components.optimized.OptimizedLicenseCard.129","client/src/components/optimized/OptimizedLicenseCard.tsx",129,"ينتهي في:"
"client.src.components.optimized.OptimizedLicenseCard.159","client/src/components/optimized/OptimizedLicenseCard.tsx",159,"عرض"
"client.src.components.optimized.OptimizedLicenseCard.168","client/src/components/optimized/OptimizedLicenseCard.tsx",168,"تعديل"
"client.src.components.optimized.OptimizedLicenseCard.177","client/src/components/optimized/OptimizedLicenseCard.tsx",177,"مستندات"
"client.src.components.optimized.OptimizedLicenseCard.186","client/src/components/optimized/OptimizedLicenseCard.tsx",186,"حذف"
"client.src.components.optimized.OptimizedLicenseCard.312","client/src/components/optimized/OptimizedLicenseCard.tsx",312,"ينتهي هذا الترخيص قريباً"
"client.src.components.optimized.OptimizedLicenseCard.324","client/src/components/optimized/OptimizedLicenseCard.tsx",324,"هذا الترخيص منتهي الصلاحية"
"client.src.components.shared.AppInitializer.26","client/src/components/shared/AppInitializer.tsx",26,"جاري تحميل التطبيق..."
"client.src.components.shared.ErrorBoundary.98","client/src/components/shared/ErrorBoundary.tsx",98,"حدث خطأ غير متوقع"
"client.src.components.shared.ErrorBoundary.99","client/src/components/shared/ErrorBoundary.tsx",99,"عذراً، حدث خطأ أثناء تحميل هذه الصفحة. يرجى المحاولة مرة أخرى."
"client.src.components.shared.ErrorBoundary.107","client/src/components/shared/ErrorBoundary.tsx",107,"تفاصيل الخطأ (للأغراض التطويرية)"
"client.src.components.shared.ErrorBoundary.113","client/src/components/shared/ErrorBoundary.tsx",113,"الخطأ:"
"client.src.components.shared.ErrorBoundary.139","client/src/components/shared/ErrorBoundary.tsx",139,"تحديث الصفحة"
"client.src.components.shared.ErrorBoundary.145","client/src/components/shared/ErrorBoundary.tsx",145,"العودة للصفحة السابقة"
"client.src.components.shared.ErrorBoundary.151","client/src/components/shared/ErrorBoundary.tsx",151,"إذا استمرت المشكلة، يرجى التواصل مع فريق الدعم الفني"
"client.src.components.shared.ErrorBoundary.189","client/src/components/shared/ErrorBoundary.tsx",189,"حدث خطأ"
"client.src.components.shared.ErrorBoundary.194","client/src/components/shared/ErrorBoundary.tsx",194,"تحديث"
"client.src.components.shared.ErrorBoundary.207","client/src/components/shared/ErrorBoundary.tsx",207,"مشكلة في الاتصال"
"client.src.components.shared.ErrorBoundary.208","client/src/components/shared/ErrorBoundary.tsx",208,"يبدو أن هناك مشكلة في الاتصال بالخادم. يرجى التحقق من اتصال الإنترنت والمحاولة مرة أخرى."
"client.src.components.shared.ErrorBoundary.214","client/src/components/shared/ErrorBoundary.tsx",214,"إعادة المحاولة"
"client.src.components.shared.ErrorMessage.47","client/src/components/shared/ErrorMessage.tsx",47,"إعادة المحاولة"
"client.src.components.shared.ErrorMessage.72","client/src/components/shared/ErrorMessage.tsx",72,"خطأ في تحميل البيانات"
"client.src.components.shared.ErrorMessage.95","client/src/components/shared/ErrorMessage.tsx",95,"خطأ في تحميل البيانات"
"client.src.components.shared.ErrorMessage.118","client/src/components/shared/ErrorMessage.tsx",118,"خطأ في تحميل الجدول"
"client.src.components.shared.LoadingFallback.95","client/src/components/shared/LoadingFallback.tsx",95,"جاري تحميل الصفحة..."
"client.src.components.shared.LoadingSpinner.72","client/src/components/shared/LoadingSpinner.tsx",72,"جاري تحميل البيانات..."
"client.src.components.shared.PageErrorBoundary.61","client/src/components/shared/PageErrorBoundary.tsx",61,"خطأ في تحميل الصفحة"
"client.src.components.shared.PageErrorBoundary.78","client/src/components/shared/PageErrorBoundary.tsx",78,"إعادة تحميل الصفحة"
"client.src.components.shared.PageHelmet.89","client/src/components/shared/PageHelmet.tsx",89,"لوحة التحكم"
"client.src.components.shared.PageHelmet.90","client/src/components/shared/PageHelmet.tsx",90,"لوحة التحكم الرئيسية لنظام إدارة الموارد البشرية"
"client.src.components.shared.PageHelmet.91","client/src/components/shared/PageHelmet.tsx",91,"لوحة التحكم, إحصائيات, تقارير, HRMS"
"client.src.components.shared.PageHelmet.96","client/src/components/shared/PageHelmet.tsx",96,"إدارة الشركات"
"client.src.components.shared.PageHelmet.97","client/src/components/shared/PageHelmet.tsx",97,"إدارة الشركات والمؤسسات في النظام"
"client.src.components.shared.PageHelmet.98","client/src/components/shared/PageHelmet.tsx",98,"شركات, مؤسسات, إدارة, HRMS"
"client.src.components.shared.PageHelmet.103","client/src/components/shared/PageHelmet.tsx",103,"إدارة الموظفين"
"client.src.components.shared.PageHelmet.104","client/src/components/shared/PageHelmet.tsx",104,"إدارة بيانات الموظفين والموارد البشرية"
"client.src.components.shared.PageHelmet.105","client/src/components/shared/PageHelmet.tsx",105,"موظفين, موارد بشرية, إدارة, HRMS"
"client.src.components.shared.PageHelmet.110","client/src/components/shared/PageHelmet.tsx",110,"إدارة المستندات"
"client.src.components.shared.PageHelmet.111","client/src/components/shared/PageHelmet.tsx",111,"إدارة المستندات والتراخيص والملفات"
"client.src.components.shared.PageHelmet.112","client/src/components/shared/PageHelmet.tsx",112,"مستندات, تراخيص, ملفات, HRMS"
"client.src.components.shared.PageHelmet.117","client/src/components/shared/PageHelmet.tsx",117,"التقارير"
"client.src.components.shared.PageHelmet.118","client/src/components/shared/PageHelmet.tsx",118,"تقارير شاملة عن الموارد البشرية والشركات"
"client.src.components.shared.PageHelmet.119","client/src/components/shared/PageHelmet.tsx",119,"تقارير, إحصائيات, تحليلات, HRMS"
"client.src.components.shared.PageHelmet.124","client/src/components/shared/PageHelmet.tsx",124,"الإعدادات"
"client.src.components.shared.PageHelmet.125","client/src/components/shared/PageHelmet.tsx",125,"إعدادات النظام والتكوين"
"client.src.components.shared.PageHelmet.126","client/src/components/shared/PageHelmet.tsx",126,"إعدادات, تكوين, النظام, HRMS"
"client.src.components.shared.PageHelmet.131","client/src/components/shared/PageHelmet.tsx",131,"تسجيل الدخول"
"client.src.components.shared.PageHelmet.132","client/src/components/shared/PageHelmet.tsx",132,"تسجيل الدخول إلى نظام إدارة الموارد البشرية"
"client.src.components.shared.PageHelmet.133","client/src/components/shared/PageHelmet.tsx",133,"تسجيل دخول, مصادقة, أمان, HRMS"
"client.src.components.shared.PermissionTest.67","client/src/components/shared/PermissionTest.tsx",67,"معلومات الدور الحالي"
"client.src.components.shared.PermissionTest.70","client/src/components/shared/PermissionTest.tsx",70,"عرض تفاصيل الدور والصلاحيات المتاحة"
"client.src.components.shared.PermissionTest.77","client/src/components/shared/PermissionTest.tsx",77,"معلومات الدور"
"client.src.components.shared.PermissionTest.80","client/src/components/shared/PermissionTest.tsx",80,"الدور:"
"client.src.components.shared.PermissionTest.84","client/src/components/shared/PermissionTest.tsx",84,"المستوى:"
"client.src.components.shared.PermissionTest.88","client/src/components/shared/PermissionTest.tsx",88,"الرمز:"
"client.src.components.shared.PermissionTest.95","client/src/components/shared/PermissionTest.tsx",95,"الوصف"
"client.src.components.shared.PermissionTest.103","client/src/components/shared/PermissionTest.tsx",103,"نوع الصلاحيات"
"client.src.components.shared.PermissionTest.105","client/src/components/shared/PermissionTest.tsx",105,"مسؤول عام"
"client.src.components.shared.PermissionTest.106","client/src/components/shared/PermissionTest.tsx",106,"مدير شركة"
"client.src.components.shared.PermissionTest.107","client/src/components/shared/PermissionTest.tsx",107,"موظف إداري"
"client.src.components.shared.PermissionTest.108","client/src/components/shared/PermissionTest.tsx",108,"مشرف"
"client.src.components.shared.PermissionTest.109","client/src/components/shared/PermissionTest.tsx",109,"عامل"
"client.src.components.shared.PermissionTest.111","client/src/components/shared/PermissionTest.tsx",111,"صلاحيات إدارية"
"client.src.components.shared.PermissionTest.112","client/src/components/shared/PermissionTest.tsx",112,"صلاحيات إدارية متوسطة"
"client.src.components.shared.PermissionTest.113","client/src/components/shared/PermissionTest.tsx",113,"صلاحيات مشرف"
"client.src.components.shared.PermissionTest.121","client/src/components/shared/PermissionTest.tsx",121,"الصلاحيات المتاحة"
"client.src.components.shared.PermissionTest.122","client/src/components/shared/PermissionTest.tsx",122,"جميع الصلاحيات الممنوحة للدور الحالي ("
"client.src.components.shared.PermissionTest.123","client/src/components/shared/PermissionTest.tsx",123,"صلاحية)"
"client.src.components.shared.PermissionTest.153","client/src/components/shared/PermissionTest.tsx",153,"الصفحات المتاحة"
"client.src.components.shared.PermissionTest.154","client/src/components/shared/PermissionTest.tsx",154,"الصفحات التي يمكن الوصول إليها ("
"client.src.components.shared.PermissionTest.155","client/src/components/shared/PermissionTest.tsx",155,"صفحة)"
"client.src.components.shared.PermissionTest.172","client/src/components/shared/PermissionTest.tsx",172,"صفحة متاحة"
"client.src.components.shared.PermissionTest.184","client/src/components/shared/PermissionTest.tsx",184,"اختبار الصلاحيات"
"client.src.components.shared.PermissionTest.185","client/src/components/shared/PermissionTest.tsx",185,"اختبار الوصول للصفحات المختلفة"
"client.src.components.shared.ProtectedRoute.84","client/src/components/shared/ProtectedRoute.tsx",84,"جاري التحقق من الصلاحيات..."
"client.src.components.shared.ProtectedRoute.104","client/src/components/shared/ProtectedRoute.tsx",104,"غير مصرح بالوصول"
"client.src.components.shared.ProtectedRoute.105","client/src/components/shared/ProtectedRoute.tsx",105,"ليس لديك صلاحية للوصول إلى هذه الصفحة"
"client.src.components.shared.ProtectedRoute.109","client/src/components/shared/ProtectedRoute.tsx",109,"العودة للوحة التحكم"
"client.src.components.shared.ProtectedRoute.124","client/src/components/shared/ProtectedRoute.tsx",124,"دور غير صحيح"
"client.src.components.shared.ProtectedRoute.125","client/src/components/shared/ProtectedRoute.tsx",125,"هذه الصفحة مخصصة لدور آخر"
"client.src.components.shared.ProtectedRoute.129","client/src/components/shared/ProtectedRoute.tsx",129,"العودة للوحة التحكم"
"client.src.pages.layout_example.294","client/src/pages/layout-example.tsx",294,"إدارة الإجازات"
"client.src.pages.layout_example.298","client/src/pages/layout-example.tsx",298,"الرواتب والمكافآت"
"client.src.pages.layout_example.302","client/src/pages/layout-example.tsx",302,"التقارير والإحصائيات"
"client.src.pages.lazy_pages.45","client/src/pages/lazy-pages.tsx",45,"جاري تحميل صفحة اختيار الشركة..."
"client.src.pages.lazy_pages.51","client/src/pages/lazy-pages.tsx",51,"جاري تحميل صفحة تسجيل الدخول..."
"client.src.pages.lazy_pages.57","client/src/pages/lazy-pages.tsx",57,"جاري تحميل الصفحة..."
"client.src.pages.lazy_pages.63","client/src/pages/lazy-pages.tsx",63,"جاري تحميل لوحة التحكم..."
"client.src.pages.lazy_pages.69","client/src/pages/lazy-pages.tsx",69,"جاري تحميل قائمة الشركات..."
"client.src.pages.lazy_pages.75","client/src/pages/lazy-pages.tsx",75,"جاري تحميل تفاصيل الشركة..."
"client.src.pages.lazy_pages.81","client/src/pages/lazy-pages.tsx",81,"جاري تحميل قائمة الموظفين..."
"client.src.pages.lazy_pages.87","client/src/pages/lazy-pages.tsx",87,"جاري تحميل قائمة الموظفين المحسنة..."
"client.src.pages.lazy_pages.93","client/src/pages/lazy-pages.tsx",93,"جاري تحميل التقارير..."
"client.src.pages.lazy_pages.99","client/src/pages/lazy-pages.tsx",99,"جاري تحميل الإعدادات..."
"client.src.pages.lazy_pages.105","client/src/pages/lazy-pages.tsx",105,"جاري تحميل صفحة الحضور..."
"client.src.pages.lazy_pages.111","client/src/pages/lazy-pages.tsx",111,"جاري تحميل طلبات الإجازة..."
"client.src.pages.lazy_pages.117","client/src/pages/lazy-pages.tsx",117,"جاري تحميل كشف الرواتب..."
"client.src.pages.lazy_pages.123","client/src/pages/lazy-pages.tsx",123,"جاري تحميل المستندات..."
"client.src.pages.lazy_pages.129","client/src/pages/lazy-pages.tsx",129,"جاري تحميل صفحة التدريب..."
"client.src.pages.lazy_pages.135","client/src/pages/lazy-pages.tsx",135,"جاري تحميل صفحة التوظيف..."
"client.src.pages.lazy_pages.141","client/src/pages/lazy-pages.tsx",141,"جاري تحميل تقييم الأداء..."
"client.src.pages.lazy_pages.147","client/src/pages/lazy-pages.tsx",147,"جاري تحميل البحث المتقدم..."
"client.src.pages.lazy_pages.153","client/src/pages/lazy-pages.tsx",153,"جاري تحميل لوحة التحكم الذكية..."
"client.src.pages.lazy_pages.159","client/src/pages/lazy-pages.tsx",159,"جاري تحميل المحادثة الذكية..."
"client.src.pages.lazy_pages.165","client/src/pages/lazy-pages.tsx",165,"جاري تحميل التحليلات الذكية..."
"client.src.pages.lazy_pages.171","client/src/pages/lazy-pages.tsx",171,"جاري تحميل أنظمة المحاسبة..."
"client.src.pages.lazy_pages.177","client/src/pages/lazy-pages.tsx",177,"جاري تحميل النماذج الحكومية..."
"client.src.pages.lazy_pages.183","client/src/pages/lazy-pages.tsx",183,"جاري تحميل التراخيص..."
"client.src.pages.lazy_pages.189","client/src/pages/lazy-pages.tsx",189,"جاري تحميل الإجازات..."
"client.src.pages.lazy_pages.195","client/src/pages/lazy-pages.tsx",195,"جاري تحميل التوقيعات..."
"client.src.pages.lazy_pages.201","client/src/pages/lazy-pages.tsx",201,"جاري تحميل اختبار التوقيع..."
"client.src.pages.lazy_pages.207","client/src/pages/lazy-pages.tsx",207,"جاري تحميل اختبار الصلاحيات..."
"client.src.pages.lazy_pages.213","client/src/pages/lazy-pages.tsx",213,"جاري تحميل لوحة التحكم حسب الدور..."
"client.src.pages.lazy_pages.219","client/src/pages/lazy-pages.tsx",219,"جاري تحميل لوحة تحكم المدير العام..."
"client.src.pages.lazy_pages.225","client/src/pages/lazy-pages.tsx",225,"جاري تحميل إدارة الموظفين..."
"client.src.pages.lazy_pages.231","client/src/pages/lazy-pages.tsx",231,"جاري تحميل مثال التخطيط..."
"client.src.pages.lazy_pages.237","client/src/pages/lazy-pages.tsx",237,"جاري تحميل صفحة اختبار الأداء..."
"client.src.pages.lazy_pages.243","client/src/pages/lazy-pages.tsx",243,"جاري تحميل اختبار الترجمة..."
"client.src.pages.licenses.395","client/src/pages/licenses.tsx",395,"إدارة التراخيص"
"client.src.pages.licenses.398","client/src/pages/licenses.tsx",398,"فلترة"
"client.src.pages.licenses.405","client/src/pages/licenses.tsx",405,"إضافة ترخيص"
"client.src.pages.licenses.425","client/src/pages/licenses.tsx",425,"من الشهر الماضي"
"client.src.pages.licenses.442","client/src/pages/licenses.tsx",442,"البحث في التراخيص..."
"client.src.pages.licenses.450","client/src/pages/licenses.tsx",450,"جميع الشركات"
"client.src.pages.licenses.453","client/src/pages/licenses.tsx",453,"جميع الشركات"
"client.src.pages.licenses.463","client/src/pages/licenses.tsx",463,"جميع الحالات"
"client.src.pages.licenses.466","client/src/pages/licenses.tsx",466,"جميع الحالات"
"client.src.pages.licenses.467","client/src/pages/licenses.tsx",467,"نشط"
"client.src.pages.licenses.468","client/src/pages/licenses.tsx",468,"منتهي الصلاحية"
"client.src.pages.licenses.469","client/src/pages/licenses.tsx",469,"قيد المراجعة"
"client.src.pages.licenses.474","client/src/pages/licenses.tsx",474,"جميع الأنواع"
"client.src.pages.licenses.477","client/src/pages/licenses.tsx",477,"جميع الأنواع"
"client.src.pages.licenses.491","client/src/pages/licenses.tsx",491,"هناك"
"client.src.pages.licenses.494","client/src/pages/licenses.tsx",494,"ترخيص سينتهي خلال 30 يوم"
"client.src.pages.licenses.540","client/src/pages/licenses.tsx",540,"ينتهي في:"
"client.src.pages.licenses.546","client/src/pages/licenses.tsx",546,"موظف"
"client.src.pages.licenses.562","client/src/pages/licenses.tsx",562,"عرض"
"client.src.pages.licenses.570","client/src/pages/licenses.tsx",570,"تعديل"
"client.src.pages.licenses.578","client/src/pages/licenses.tsx",578,"مستندات"
"client.src.pages.licenses.587","client/src/pages/licenses.tsx",587,"حذف"
"client.src.pages.licenses.601","client/src/pages/licenses.tsx",601,"لا توجد تراخيص"
"client.src.pages.licenses.604","client/src/pages/licenses.tsx",604,"لم يتم العثور على تراخيص تطابق معايير البحث"
"client.src.pages.licenses.636","client/src/pages/licenses.tsx",636,"تفاصيل الترخيص"
"client.src.pages.licenses.648","client/src/pages/licenses.tsx",648,"إضافة مستند للترخيص"
"client.src.pages.licenses.722","client/src/pages/licenses.tsx",722,"اسم الترخيص *"
"client.src.pages.licenses.727","client/src/pages/licenses.tsx",727,"أدخل اسم الترخيص"
"client.src.pages.licenses.732","client/src/pages/licenses.tsx",732,"رقم الترخيص *"
"client.src.pages.licenses.737","client/src/pages/licenses.tsx",737,"أدخل رقم الترخيص"
"client.src.pages.licenses.745","client/src/pages/licenses.tsx",745,"الشركة *"
"client.src.pages.licenses.754","client/src/pages/licenses.tsx",754,"اختر الشركة"
"client.src.pages.licenses.766","client/src/pages/licenses.tsx",766,"نوع الترخيص *"
"client.src.pages.licenses.775","client/src/pages/licenses.tsx",775,"اختر نوع الترخيص"
"client.src.pages.licenses.790","client/src/pages/licenses.tsx",790,"تاريخ الإصدار *"
"client.src.pages.licenses.800","client/src/pages/licenses.tsx",800,"تاريخ انتهاء الصلاحية *"
"client.src.pages.licenses.813","client/src/pages/licenses.tsx",813,"جهة الإصدار *"
"client.src.pages.licenses.818","client/src/pages/licenses.tsx",818,"أدخل جهة الإصدار"
"client.src.pages.licenses.823","client/src/pages/licenses.tsx",823,"الموقع *"
"client.src.pages.licenses.828","client/src/pages/licenses.tsx",828,"أدخل الموقع"
"client.src.pages.licenses.835","client/src/pages/licenses.tsx",835,"الوصف"
"client.src.pages.licenses.840","client/src/pages/licenses.tsx",840,"أدخل وصف الترخيص (اختياري)"
"client.src.pages.licenses.846","client/src/pages/licenses.tsx",846,"الحالة"
"client.src.pages.licenses.858","client/src/pages/licenses.tsx",858,"نشط"
"client.src.pages.licenses.859","client/src/pages/licenses.tsx",859,"منتهي الصلاحية"
"client.src.pages.licenses.860","client/src/pages/licenses.tsx",860,"قيد المراجعة"
"client.src.pages.licenses.866","client/src/pages/licenses.tsx",866,"إلغاء"
"client.src.pages.licenses.909","client/src/pages/licenses.tsx",909,"الشركة"
"client.src.pages.licenses.913","client/src/pages/licenses.tsx",913,"نوع الترخيص"
"client.src.pages.licenses.917","client/src/pages/licenses.tsx",917,"جهة الإصدار"
"client.src.pages.licenses.921","client/src/pages/licenses.tsx",921,"الموقع"
"client.src.pages.licenses.927","client/src/pages/licenses.tsx",927,"تاريخ الإصدار"
"client.src.pages.licenses.931","client/src/pages/licenses.tsx",931,"تاريخ انتهاء الصلاحية"
"client.src.pages.licenses.935","client/src/pages/licenses.tsx",935,"عدد الموظفين"
"client.src.pages.licenses.936","client/src/pages/licenses.tsx",936,"موظف"
"client.src.pages.licenses.939","client/src/pages/licenses.tsx",939,"تاريخ الإنشاء"
"client.src.pages.licenses.947","client/src/pages/licenses.tsx",947,"الوصف"
"client.src.pages.licenses.954","client/src/pages/licenses.tsx",954,"الموظفون المرتبطون"
"client.src.pages.payroll.62","client/src/pages/payroll.tsx",62,"أحمد محمد علي"
"client.src.pages.payroll.63","client/src/pages/payroll.tsx",63,"شركة النيل الأزرق للمجوهرات"
"client.src.pages.payroll.223","client/src/pages/payroll.tsx",223,"نظام الرواتب"
"client.src.pages.payroll.224","client/src/pages/payroll.tsx",224,"إدارة وحساب رواتب الموظفين الشهرية"
"client.src.pages.payroll.238","client/src/pages/payroll.tsx",238,"يناير"
"client.src.pages.payroll.239","client/src/pages/payroll.tsx",239,"فبراير"
"client.src.pages.payroll.240","client/src/pages/payroll.tsx",240,"مارس"
"client.src.pages.payroll.241","client/src/pages/payroll.tsx",241,"أبريل"
"client.src.pages.payroll.242","client/src/pages/payroll.tsx",242,"مايو"
"client.src.pages.payroll.243","client/src/pages/payroll.tsx",243,"يونيو"
"client.src.pages.payroll.244","client/src/pages/payroll.tsx",244,"يوليو"
"client.src.pages.payroll.245","client/src/pages/payroll.tsx",245,"أغسطس"
"client.src.pages.payroll.246","client/src/pages/payroll.tsx",246,"سبتمبر"
"client.src.pages.payroll.247","client/src/pages/payroll.tsx",247,"أكتوبر"
"client.src.pages.payroll.248","client/src/pages/payroll.tsx",248,"نوفمبر"
"client.src.pages.payroll.249","client/src/pages/payroll.tsx",249,"ديسمبر"
"client.src.pages.payroll.282","client/src/pages/payroll.tsx",282,"جاري تحميل بيانات الرواتب..."
"client.src.pages.payroll.290","client/src/pages/payroll.tsx",290,"خطأ في تحميل بيانات الرواتب"
"client.src.pages.payroll.302","client/src/pages/payroll.tsx",302,"إجمالي الموظفين"
"client.src.pages.payroll.316","client/src/pages/payroll.tsx",316,"إجمالي الرواتب"
"client.src.pages.payroll.324","client/src/pages/payroll.tsx",324,"قبل الخصومات"
"client.src.pages.payroll.331","client/src/pages/payroll.tsx",331,"إجمالي الخصومات"
"client.src.pages.payroll.339","client/src/pages/payroll.tsx",339,"ضرائب وتأمينات"
"client.src.pages.payroll.346","client/src/pages/payroll.tsx",346,"صافي الرواتب"
"client.src.pages.payroll.354","client/src/pages/payroll.tsx",354,"بعد الخصومات"
"client.src.pages.payroll.362","client/src/pages/payroll.tsx",362,"كشوف الرواتب"
"client.src.pages.payroll.363","client/src/pages/payroll.tsx",363,"المعالجة"
"client.src.pages.payroll.364","client/src/pages/payroll.tsx",364,"التقارير"
"client.src.pages.payroll.365","client/src/pages/payroll.tsx",365,"الإعدادات"
"client.src.pages.payroll.373","client/src/pages/payroll.tsx",373,"كشوف الرواتب -"
"client.src.pages.payroll.374","client/src/pages/payroll.tsx",374,"تفاصيل رواتب جميع الموظفين للشهر المحدد"
"client.src.pages.payroll.398","client/src/pages/payroll.tsx",398,"الموظف"
"client.src.pages.payroll.399","client/src/pages/payroll.tsx",399,"الراتب الأساسي"
"client.src.pages.payroll.400","client/src/pages/payroll.tsx",400,"البدلات"
"client.src.pages.payroll.401","client/src/pages/payroll.tsx",401,"الساعات الإضافية"
"client.src.pages.payroll.402","client/src/pages/payroll.tsx",402,"الخصومات"
"client.src.pages.payroll.403","client/src/pages/payroll.tsx",403,"الضرائب"
"client.src.pages.payroll.404","client/src/pages/payroll.tsx",404,"صافي الراتب"
"client.src.pages.payroll.405","client/src/pages/payroll.tsx",405,"الحالة"
"client.src.pages.payroll.406","client/src/pages/payroll.tsx",406,"الإجراءات"
"client.src.pages.payroll.461","client/src/pages/payroll.tsx",461,"معالجة الرواتب التلقائية"
"client.src.pages.payroll.462","client/src/pages/payroll.tsx",462,"حساب الرواتب بناءً على الحضور والبدلات المعرفة"
"client.src.pages.payroll.469","client/src/pages/payroll.tsx",469,"عدد أيام العمل"
"client.src.pages.payroll.473","client/src/pages/payroll.tsx",473,"ساعات العمل اليومية"
"client.src.pages.payroll.479","client/src/pages/payroll.tsx",479,"معدل الساعة الإضافية"
"client.src.pages.payroll.485","client/src/pages/payroll.tsx",485,"125% من الراتب الأساسي"
"client.src.pages.payroll.486","client/src/pages/payroll.tsx",486,"150% من الراتب الأساسي"
"client.src.pages.payroll.487","client/src/pages/payroll.tsx",487,"200% من الراتب الأساسي"
"client.src.pages.payroll.493","client/src/pages/payroll.tsx",493,"بدء المعالجة التلقائية"
"client.src.pages.payroll.501","client/src/pages/payroll.tsx",501,"إعدادات الضرائب والخصومات"
"client.src.pages.payroll.502","client/src/pages/payroll.tsx",502,"تكوين معدلات الضرائب والتأمينات الاجتماعية"
"client.src.pages.payroll.508","client/src/pages/payroll.tsx",508,"معدل ضريبة الدخل (%)"
"client.src.pages.payroll.513","client/src/pages/payroll.tsx",513,"التأمين الاجتماعي (%)"
"client.src.pages.payroll.518","client/src/pages/payroll.tsx",518,"تأمين طبي (%)"
"client.src.pages.payroll.522","client/src/pages/payroll.tsx",522,"حفظ الإعدادات"
"client.src.pages.payroll.535","client/src/pages/payroll.tsx",535,"تقرير توزيع الرواتب"
"client.src.pages.payroll.540","client/src/pages/payroll.tsx",540,"توزيع الرواتب حسب الأقسام والمناصب"
"client.src.pages.payroll.544","client/src/pages/payroll.tsx",544,"عرض التقرير"
"client.src.pages.payroll.553","client/src/pages/payroll.tsx",553,"تقرير الساعات الإضافية"
"client.src.pages.payroll.558","client/src/pages/payroll.tsx",558,"تحليل الساعات الإضافية وتكلفتها"
"client.src.pages.payroll.562","client/src/pages/payroll.tsx",562,"عرض التقرير"
"client.src.pages.payroll.571","client/src/pages/payroll.tsx",571,"تقرير الضرائب والخصومات"
"client.src.pages.payroll.576","client/src/pages/payroll.tsx",576,"ملخص الضرائب والتأمينات المخصومة"
"client.src.pages.payroll.580","client/src/pages/payroll.tsx",580,"عرض التقرير"
"client.src.pages.payroll.591","client/src/pages/payroll.tsx",591,"إعدادات نظام الرواتب"
"client.src.pages.payroll.592","client/src/pages/payroll.tsx",592,"تكوين القواعد والمعايير لحساب الرواتب"
"client.src.pages.payroll.599","client/src/pages/payroll.tsx",599,"إعدادات الرواتب"
"client.src.pages.payroll.600","client/src/pages/payroll.tsx",600,"تكوين معايير الحساب والبدلات والخصومات"
"client.src.pages.performance.30","client/src/pages/performance.tsx",30,"مدير الشركة"
"client.src.pages.performance.31","client/src/pages/performance.tsx",31,"شركة النيل الأزرق للمجوهرات"
"client.src.pages.performance.182","client/src/pages/performance.tsx",182,"تقييم الأداء"
"client.src.pages.performance.183","client/src/pages/performance.tsx",183,"مراقبة وتقييم أداء الموظفين والفرق"
"client.src.pages.performance.189","client/src/pages/performance.tsx",189,"البحث في التقييمات"
"client.src.pages.performance.193","client/src/pages/performance.tsx",193,"تقييم جديد"
"client.src.pages.performance.203","client/src/pages/performance.tsx",203,"نظرة عامة"
"client.src.pages.performance.207","client/src/pages/performance.tsx",207,"الأداء الفردي"
"client.src.pages.performance.211","client/src/pages/performance.tsx",211,"أداء الفرق"
"client.src.pages.performance.215","client/src/pages/performance.tsx",215,"مراجعات الأداء"
"client.src.pages.performance.224","client/src/pages/performance.tsx",224,"جاري تحميل بيانات الأداء..."
"client.src.pages.performance.232","client/src/pages/performance.tsx",232,"خطأ في تحميل بيانات الأداء"
"client.src.pages.performance.246","client/src/pages/performance.tsx",246,"متوسط التقييم"
"client.src.pages.performance.258","client/src/pages/performance.tsx",258,"الأهداف المكتملة"
"client.src.pages.performance.270","client/src/pages/performance.tsx",270,"أفضل الأداءات"
"client.src.pages.performance.282","client/src/pages/performance.tsx",282,"تحسن الأداء"
"client.src.pages.performance.295","client/src/pages/performance.tsx",295,"توزيع الأداء حسب الدرجات"
"client.src.pages.performance.302","client/src/pages/performance.tsx",302,"ممتاز (4.5-5.0)"
"client.src.pages.performance.311","client/src/pages/performance.tsx",311,"جيد جداً (4.0-4.4)"
"client.src.pages.performance.320","client/src/pages/performance.tsx",320,"جيد (3.5-3.9)"
"client.src.pages.performance.329","client/src/pages/performance.tsx",329,"يحتاج تحسين (< 3.5)"
"client.src.pages.performance.340","client/src/pages/performance.tsx",340,"أداء الأقسام"
"client.src.pages.performance.355","client/src/pages/performance.tsx",355,"موظف"
"client.src.pages.performance.361","client/src/pages/performance.tsx",361,"متوسط النقاط"
"client.src.pages.performance.381","client/src/pages/performance.tsx",381,"نقطة"
"client.src.pages.performance.386","client/src/pages/performance.tsx",386,"آخر مراجعة:"
"client.src.pages.performance.389","client/src/pages/performance.tsx",389,"التفاصيل"
"client.src.pages.performance.396","client/src/pages/performance.tsx",396,"تقييم المهارات"
"client.src.pages.performance.416","client/src/pages/performance.tsx",416,"إنجاز الأهداف"
"client.src.pages.performance.419","client/src/pages/performance.tsx",419,"الأهداف المكتملة"
"client.src.pages.performance.428","client/src/pages/performance.tsx",428,"معدل الإنجاز:"
"client.src.pages.performance.438","client/src/pages/performance.tsx",438,"نقاط القوة"
"client.src.pages.performance.440","client/src/pages/performance.tsx",440,"أداء متميز في الجودة والإنتاجية"
"client.src.pages.performance.461","client/src/pages/performance.tsx",461,"المدير:"
"client.src.pages.performance.470","client/src/pages/performance.tsx",470,"متوسط الأداء"
"client.src.pages.performance.476","client/src/pages/performance.tsx",476,"عدد الأعضاء"
"client.src.pages.performance.482","client/src/pages/performance.tsx",482,"معدل إنجاز الأهداف"
"client.src.pages.performance.489","client/src/pages/performance.tsx",489,"المتميزون:"
"client.src.pages.performance.492","client/src/pages/performance.tsx",492,"موظف"
"client.src.pages.performance.497","client/src/pages/performance.tsx",497,"عرض تفاصيل الفريق"
"client.src.pages.performance.553","client/src/pages/performance.tsx",553,"نقطة"
"client.src.pages.performance.560","client/src/pages/performance.tsx",560,"المراجع:"
"client.src.pages.performance.564","client/src/pages/performance.tsx",564,"الفترة:"
"client.src.pages.performance.568","client/src/pages/performance.tsx",568,"تاريخ المراجعة:"
"client.src.pages.performance.574","client/src/pages/performance.tsx",574,"المراجعة القادمة:"
"client.src.pages.performance.580","client/src/pages/performance.tsx",580,"عرض التقييم"
"client.src.pages.recruitment.30","client/src/pages/recruitment.tsx",30,"مدير الشركة"
"client.src.pages.recruitment.31","client/src/pages/recruitment.tsx",31,"شركة النيل الأزرق للمجوهرات"
"client.src.pages.recruitment.172","client/src/pages/recruitment.tsx",172,"التوظيف والاستقطاب"
"client.src.pages.recruitment.173","client/src/pages/recruitment.tsx",173,"إدارة الوظائف الشاغرة والمتقدمين وعمليات التوظيف"
"client.src.pages.recruitment.179","client/src/pages/recruitment.tsx",179,"البحث"
"client.src.pages.recruitment.183","client/src/pages/recruitment.tsx",183,"إضافة وظيفة جديدة"
"client.src.pages.recruitment.193","client/src/pages/recruitment.tsx",193,"الوظائف الشاغرة"
"client.src.pages.recruitment.197","client/src/pages/recruitment.tsx",197,"المتقدمون"
"client.src.pages.recruitment.201","client/src/pages/recruitment.tsx",201,"المقابلات"
"client.src.pages.recruitment.205","client/src/pages/recruitment.tsx",205,"التحليلات"
"client.src.pages.recruitment.218","client/src/pages/recruitment.tsx",218,"الوظائف النشطة"
"client.src.pages.recruitment.230","client/src/pages/recruitment.tsx",230,"إجمالي المتقدمين"
"client.src.pages.recruitment.242","client/src/pages/recruitment.tsx",242,"المقابلات المجدولة"
"client.src.pages.recruitment.254","client/src/pages/recruitment.tsx",254,"تم توظيفهم هذا الشهر"
"client.src.pages.recruitment.264","client/src/pages/recruitment.tsx",264,"جاري تحميل الوظائف..."
"client.src.pages.recruitment.268","client/src/pages/recruitment.tsx",268,"خطأ في تحميل الوظائف"
"client.src.pages.recruitment.300","client/src/pages/recruitment.tsx",300,"متقدم"
"client.src.pages.recruitment.309","client/src/pages/recruitment.tsx",309,"القسم:"
"client.src.pages.recruitment.313","client/src/pages/recruitment.tsx",313,"الخبرة:"
"client.src.pages.recruitment.320","client/src/pages/recruitment.tsx",320,"الراتب:"
"client.src.pages.recruitment.324","client/src/pages/recruitment.tsx",324,"آخر موعد:"
"client.src.pages.recruitment.331","client/src/pages/recruitment.tsx",331,"عرض"
"client.src.pages.recruitment.335","client/src/pages/recruitment.tsx",335,"المتقدمون"
"client.src.pages.recruitment.348","client/src/pages/recruitment.tsx",348,"جاري تحميل المتقدمين..."
"client.src.pages.recruitment.352","client/src/pages/recruitment.tsx",352,"خطأ في تحميل المتقدمين"
"client.src.pages.recruitment.373","client/src/pages/recruitment.tsx",373,"البريد الإلكتروني:"
"client.src.pages.recruitment.377","client/src/pages/recruitment.tsx",377,"الهاتف:"
"client.src.pages.recruitment.381","client/src/pages/recruitment.tsx",381,"الخبرة:"
"client.src.pages.recruitment.391","client/src/pages/recruitment.tsx",391,"تاريخ التقديم:"
"client.src.pages.recruitment.399","client/src/pages/recruitment.tsx",399,"عرض السيرة"
"client.src.pages.recruitment.403","client/src/pages/recruitment.tsx",403,"قبول"
"client.src.pages.recruitment.407","client/src/pages/recruitment.tsx",407,"رفض"
"client.src.pages.recruitment.460","client/src/pages/recruitment.tsx",460,"التاريخ:"
"client.src.pages.recruitment.464","client/src/pages/recruitment.tsx",464,"الوقت:"
"client.src.pages.recruitment.469","client/src/pages/recruitment.tsx",469,"المقابل:"
"client.src.pages.recruitment.474","client/src/pages/recruitment.tsx",474,"إعادة جدولة"
"client.src.pages.recruitment.478","client/src/pages/recruitment.tsx",478,"التفاصيل"
"client.src.pages.recruitment.493","client/src/pages/recruitment.tsx",493,"معدل التوظيف الشهري"
"client.src.pages.recruitment.499","client/src/pages/recruitment.tsx",499,"معدل نجاح التوظيف"
"client.src.pages.recruitment.503","client/src/pages/recruitment.tsx",503,"المتقدمون المقبولون"
"client.src.pages.recruitment.504","client/src/pages/recruitment.tsx",504,"24 من 37"
"client.src.pages.recruitment.513","client/src/pages/recruitment.tsx",513,"أكثر الوظائف طلباً"
"client.src.pages.recruitment.525","client/src/pages/recruitment.tsx",525,"طلب"
"client.src.pages.reports.81","client/src/pages/reports.tsx",81,"تقارير PDF"
"client.src.pages.reports.83","client/src/pages/reports.tsx",83,"إنشاء تقرير جديد"
"client.src.pages.reports.103","client/src/pages/reports.tsx",103,"تم إنشاؤه في"
"client.src.pages.reports.108","client/src/pages/reports.tsx",108,"تحميل"
"client.src.pages.reports.112","client/src/pages/reports.tsx",112,"معاينة"
"client.src.pages.reports.127","client/src/pages/reports.tsx",127,"إدارة المستندات"
"client.src.pages.reports.129","client/src/pages/reports.tsx",129,"رفع مستند جديد"
"client.src.pages.reports.139","client/src/pages/reports.tsx",139,"البحث في المستندات..."
"client.src.pages.reports.144","client/src/pages/reports.tsx",144,"تصفية"
"client.src.pages.reports.168","client/src/pages/reports.tsx",168,"الحجم:"
"client.src.pages.reports.171","client/src/pages/reports.tsx",171,"تم الرفع في"
"client.src.pages.reports.176","client/src/pages/reports.tsx",176,"تحميل"
"client.src.pages.reports.180","client/src/pages/reports.tsx",180,"معاينة"
"client.src.pages.reports.206","client/src/pages/reports.tsx",206,"جاري تحليل البيانات..."
"client.src.pages.reports.219","client/src/pages/reports.tsx",219,"حدث خطأ في تحميل التحليل الذكي. يرجى المحاولة مرة أخرى."
"client.src.pages.reports.231","client/src/pages/reports.tsx",231,"التحليل الذكي الشامل"
"client.src.pages.reports.235","client/src/pages/reports.tsx",235,"محدث الآن"
"client.src.pages.reports.244","client/src/pages/reports.tsx",244,"نظرة عامة"
"client.src.pages.reports.258","client/src/pages/reports.tsx",258,"إجمالي الموظفين"
"client.src.pages.reports.264","client/src/pages/reports.tsx",264,"رضا الموظفين"
"client.src.pages.reports.270","client/src/pages/reports.tsx",270,"معدل الدوران"
"client.src.pages.reports.276","client/src/pages/reports.tsx",276,"متوسط الراتب"
"client.src.pages.reports.286","client/src/pages/reports.tsx",286,"الرؤى الرئيسية"
"client.src.pages.reports.306","client/src/pages/reports.tsx",306,"التوصيات الذكية"
"client.src.pages.reports.340","client/src/pages/reports.tsx",340,"الرؤى الذكية"
"client.src.pages.reports.364","client/src/pages/reports.tsx",364,"جاري تحليل الرؤى..."
"client.src.pages.reports.419","client/src/pages/reports.tsx",419,"التوقعات الذكية"
"client.src.pages.reports.445","client/src/pages/reports.tsx",445,"جاري تحليل التوقعات..."
"client.src.pages.reports.484","client/src/pages/reports.tsx",484,"العوامل المؤثرة:"
"client.src.pages.reports.519","client/src/pages/reports.tsx",519,"تحليل الاتجاهات"
"client.src.pages.reports.547","client/src/pages/reports.tsx",547,"جاري تحليل الاتجاهات..."
"client.src.pages.reports.554","client/src/pages/reports.tsx",554,"اتجاه"
"client.src.pages.reports.601","client/src/pages/reports.tsx",601,"التقارير والمستندات"
"client.src.pages.reports.602","client/src/pages/reports.tsx",602,"إدارة شاملة للتقارير والمستندات ولوحات التحكم المتخصصة مع الذكاء الاصطناعي"
"client.src.pages.reports.610","client/src/pages/reports.tsx",610,"التحليل الذكي"
"client.src.pages.reports.614","client/src/pages/reports.tsx",614,"الرؤى الذكية"
"client.src.pages.reports.618","client/src/pages/reports.tsx",618,"التوقعات"
"client.src.pages.reports.622","client/src/pages/reports.tsx",622,"الاتجاهات"
"client.src.pages.reports.626","client/src/pages/reports.tsx",626,"تقارير PDF"
"client.src.pages.reports.630","client/src/pages/reports.tsx",630,"المستندات"
"client.src.pages.role_based_dashboard.19","client/src/pages/role-based-dashboard.tsx",19,"لوحة تحكم المدير العام"
"client.src.pages.role_based_dashboard.20","client/src/pages/role-based-dashboard.tsx",20,"مدير عام"
"client.src.pages.role_based_dashboard.26","client/src/pages/role-based-dashboard.tsx",26,"إجمالي الشركات"
"client.src.pages.role_based_dashboard.31","client/src/pages/role-based-dashboard.tsx",31,"+2 من الشهر الماضي"
"client.src.pages.role_based_dashboard.37","client/src/pages/role-based-dashboard.tsx",37,"إجمالي الموظفين"
"client.src.pages.role_based_dashboard.42","client/src/pages/role-based-dashboard.tsx",42,"+12 من الشهر الماضي"
"client.src.pages.role_based_dashboard.48","client/src/pages/role-based-dashboard.tsx",48,"التقارير النشطة"
"client.src.pages.role_based_dashboard.53","client/src/pages/role-based-dashboard.tsx",53,"+5 من الشهر الماضي"
"client.src.pages.role_based_dashboard.63","client/src/pages/role-based-dashboard.tsx",63,"لوحة تحكم مدير الشركة"
"client.src.pages.role_based_dashboard.64","client/src/pages/role-based-dashboard.tsx",64,"مدير شركة"
"client.src.pages.role_based_dashboard.70","client/src/pages/role-based-dashboard.tsx",70,"الموظفين النشطين"
"client.src.pages.role_based_dashboard.75","client/src/pages/role-based-dashboard.tsx",75,"+3 من الشهر الماضي"
"client.src.pages.role_based_dashboard.81","client/src/pages/role-based-dashboard.tsx",81,"الحضور اليوم"
"client.src.pages.role_based_dashboard.86","client/src/pages/role-based-dashboard.tsx",86,"91% نسبة الحضور"
"client.src.pages.role_based_dashboard.92","client/src/pages/role-based-dashboard.tsx",92,"إجمالي الرواتب"
"client.src.pages.role_based_dashboard.96","client/src/pages/role-based-dashboard.tsx",96,"45,000 د.ك"
"client.src.pages.role_based_dashboard.97","client/src/pages/role-based-dashboard.tsx",97,"+2.5% من الشهر الماضي"
"client.src.pages.role_based_dashboard.107","client/src/pages/role-based-dashboard.tsx",107,"لوحة تحكم الموظف"
"client.src.pages.role_based_dashboard.108","client/src/pages/role-based-dashboard.tsx",108,"موظف"
"client.src.pages.role_based_dashboard.114","client/src/pages/role-based-dashboard.tsx",114,"أيام الإجازة المتبقية"
"client.src.pages.role_based_dashboard.119","client/src/pages/role-based-dashboard.tsx",119,"من أصل 30 يوم"
"client.src.pages.role_based_dashboard.125","client/src/pages/role-based-dashboard.tsx",125,"ساعات العمل"
"client.src.pages.role_based_dashboard.130","client/src/pages/role-based-dashboard.tsx",130,"هذا الشهر"
"client.src.pages.role_based_dashboard.136","client/src/pages/role-based-dashboard.tsx",136,"الراتب الشهري"
"client.src.pages.role_based_dashboard.140","client/src/pages/role-based-dashboard.tsx",140,"850 د.ك"
"client.src.pages.role_based_dashboard.141","client/src/pages/role-based-dashboard.tsx",141,"+50 د.ك من الشهر الماضي"
"client.src.pages.role_based_dashboard.151","client/src/pages/role-based-dashboard.tsx",151,"لوحة تحكم المشرف"
"client.src.pages.role_based_dashboard.152","client/src/pages/role-based-dashboard.tsx",152,"مشرف"
"client.src.pages.role_based_dashboard.158","client/src/pages/role-based-dashboard.tsx",158,"الفريق المباشر"
"client.src.pages.role_based_dashboard.163","client/src/pages/role-based-dashboard.tsx",163,"جميعهم نشطين"
"client.src.pages.role_based_dashboard.169","client/src/pages/role-based-dashboard.tsx",169,"طلبات الإجازات"
"client.src.pages.role_based_dashboard.174","client/src/pages/role-based-dashboard.tsx",174,"في انتظار الموافقة"
"client.src.pages.role_based_dashboard.180","client/src/pages/role-based-dashboard.tsx",180,"معدل الأداء"
"client.src.pages.role_based_dashboard.185","client/src/pages/role-based-dashboard.tsx",185,"+2% من الشهر الماضي"
"client.src.pages.role_based_dashboard.195","client/src/pages/role-based-dashboard.tsx",195,"لوحة تحكم العامل"
"client.src.pages.role_based_dashboard.196","client/src/pages/role-based-dashboard.tsx",196,"عامل"
"client.src.pages.role_based_dashboard.202","client/src/pages/role-based-dashboard.tsx",202,"ساعات العمل"
"client.src.pages.role_based_dashboard.207","client/src/pages/role-based-dashboard.tsx",207,"اليوم"
"client.src.pages.role_based_dashboard.213","client/src/pages/role-based-dashboard.tsx",213,"المهام المكتملة"
"client.src.pages.role_based_dashboard.218","client/src/pages/role-based-dashboard.tsx",218,"من أصل 18 مهمة"
"client.src.pages.role_based_dashboard.224","client/src/pages/role-based-dashboard.tsx",224,"الراتب الشهري"
"client.src.pages.role_based_dashboard.228","client/src/pages/role-based-dashboard.tsx",228,"650 د.ك"
"client.src.pages.role_based_dashboard.229","client/src/pages/role-based-dashboard.tsx",229,"+25 د.ك من الشهر الماضي"
"client.src.pages.settings.28","client/src/pages/settings.tsx",28,"مدير الشركة"
"client.src.pages.settings.29","client/src/pages/settings.tsx",29,"شركة النيل الأزرق للمجوهرات"
"client.src.pages.settings.131","client/src/pages/settings.tsx",131,"الإعدادات"
"client.src.pages.settings.132","client/src/pages/settings.tsx",132,"إدارة الملف الشخصي وإعدادات النظام"
"client.src.pages.settings.141","client/src/pages/settings.tsx",141,"الملف الشخصي"
"client.src.pages.settings.145","client/src/pages/settings.tsx",145,"الأمان"
"client.src.pages.settings.149","client/src/pages/settings.tsx",149,"الإشعارات"
"client.src.pages.settings.153","client/src/pages/settings.tsx",153,"التفضيلات"
"client.src.pages.settings.157","client/src/pages/settings.tsx",157,"الشركة"
"client.src.pages.settings.165","client/src/pages/settings.tsx",165,"الملف الشخصي"
"client.src.pages.settings.166","client/src/pages/settings.tsx",166,"إدارة معلوماتك الشخصية والمهنية"
"client.src.pages.settings.174","client/src/pages/settings.tsx",174,"أم"
"client.src.pages.settings.178","client/src/pages/settings.tsx",178,"تغيير الصورة"
"client.src.pages.settings.181","client/src/pages/settings.tsx",181,"JPG, PNG أو GIF. الحد الأقصى 2MB."
"client.src.pages.settings.189","client/src/pages/settings.tsx",189,"الاسم الكامل"
"client.src.pages.settings.198","client/src/pages/settings.tsx",198,"البريد الإلكتروني"
"client.src.pages.settings.208","client/src/pages/settings.tsx",208,"رقم الهاتف"
"client.src.pages.settings.217","client/src/pages/settings.tsx",217,"المنصب"
"client.src.pages.settings.227","client/src/pages/settings.tsx",227,"نبذة عنك"
"client.src.pages.settings.237","client/src/pages/settings.tsx",237,"حفظ التغييرات"
"client.src.pages.settings.247","client/src/pages/settings.tsx",247,"الأمان والخصوصية"
"client.src.pages.settings.248","client/src/pages/settings.tsx",248,"إدارة إعدادات أمان حسابك"
"client.src.pages.settings.254","client/src/pages/settings.tsx",254,"تغيير كلمة المرور"
"client.src.pages.settings.257","client/src/pages/settings.tsx",257,"كلمة المرور الحالية"
"client.src.pages.settings.261","client/src/pages/settings.tsx",261,"كلمة المرور الجديدة"
"client.src.pages.settings.265","client/src/pages/settings.tsx",265,"تأكيد كلمة المرور"
"client.src.pages.settings.268","client/src/pages/settings.tsx",268,"تحديث كلمة المرور"
"client.src.pages.settings.275","client/src/pages/settings.tsx",275,"المصادقة الثنائية"
"client.src.pages.settings.276","client/src/pages/settings.tsx",276,"طبقة أمان إضافية لحسابك"
"client.src.pages.settings.290","client/src/pages/settings.tsx",290,"إشعارات الأمان"
"client.src.pages.settings.291","client/src/pages/settings.tsx",291,"تنبيهات عند محاولات الدخول المشبوهة"
"client.src.pages.settings.305","client/src/pages/settings.tsx",305,"حفظ إعدادات الأمان"
"client.src.pages.settings.315","client/src/pages/settings.tsx",315,"إعدادات الإشعارات"
"client.src.pages.settings.316","client/src/pages/settings.tsx",316,"تخصيص تفضيلات الإشعارات والتنبيهات"
"client.src.pages.settings.324","client/src/pages/settings.tsx",324,"إشعارات البريد الإلكتروني"
"client.src.pages.settings.325","client/src/pages/settings.tsx",325,"تلقي التنبيهات المهمة عبر البريد الإلكتروني"
"client.src.pages.settings.339","client/src/pages/settings.tsx",339,"إشعارات الرسائل النصية"
"client.src.pages.settings.340","client/src/pages/settings.tsx",340,"تلقي التنبيهات العاجلة عبر الرسائل النصية"
"client.src.pages.settings.354","client/src/pages/settings.tsx",354,"الإشعارات المباشرة"
"client.src.pages.settings.355","client/src/pages/settings.tsx",355,"إشعارات فورية في المتصفح"
"client.src.pages.settings.371","client/src/pages/settings.tsx",371,"التقارير الأسبوعية"
"client.src.pages.settings.372","client/src/pages/settings.tsx",372,"ملخص أسبوعي لأنشطة النظام"
"client.src.pages.settings.386","client/src/pages/settings.tsx",386,"تحديثات النظام"
"client.src.pages.settings.387","client/src/pages/settings.tsx",387,"إشعارات عن الميزات الجديدة والتحديثات"
"client.src.pages.settings.401","client/src/pages/settings.tsx",401,"حفظ إعدادات الإشعارات"
"client.src.pages.settings.411","client/src/pages/settings.tsx",411,"تفضيلات التطبيق"
"client.src.pages.settings.412","client/src/pages/settings.tsx",412,"تخصيص واجهة وسلوك التطبيق"
"client.src.pages.settings.419","client/src/pages/settings.tsx",419,"اللغة"
"client.src.pages.settings.430","client/src/pages/settings.tsx",430,"العربية"
"client.src.pages.settings.436","client/src/pages/settings.tsx",436,"المظهر"
"client.src.pages.settings.447","client/src/pages/settings.tsx",447,"فاتح"
"client.src.pages.settings.448","client/src/pages/settings.tsx",448,"داكن"
"client.src.pages.settings.449","client/src/pages/settings.tsx",449,"حسب النظام"
"client.src.pages.settings.454","client/src/pages/settings.tsx",454,"تنسيق التاريخ"
"client.src.pages.settings.472","client/src/pages/settings.tsx",472,"تنسيق الوقت"
"client.src.pages.settings.483","client/src/pages/settings.tsx",483,"24 ساعة"
"client.src.pages.settings.484","client/src/pages/settings.tsx",484,"12 ساعة"
"client.src.pages.settings.489","client/src/pages/settings.tsx",489,"العملة"
"client.src.pages.settings.500","client/src/pages/settings.tsx",500,"دينار كويتي (KWD)"
"client.src.pages.settings.501","client/src/pages/settings.tsx",501,"ريال سعودي (SAR)"
"client.src.pages.settings.502","client/src/pages/settings.tsx",502,"درهم إماراتي (AED)"
"client.src.pages.settings.503","client/src/pages/settings.tsx",503,"دولار أمريكي (USD)"
"client.src.pages.settings.508","client/src/pages/settings.tsx",508,"المنطقة الزمنية"
"client.src.pages.settings.519","client/src/pages/settings.tsx",519,"الكويت"
"client.src.pages.settings.520","client/src/pages/settings.tsx",520,"الرياض"
"client.src.pages.settings.521","client/src/pages/settings.tsx",521,"دبي"
"client.src.pages.settings.527","client/src/pages/settings.tsx",527,"حفظ التفضيلات"
"client.src.pages.settings.537","client/src/pages/settings.tsx",537,"معلومات الشركة"
"client.src.pages.settings.538","client/src/pages/settings.tsx",538,"إدارة البيانات الأساسية للشركة"
"client.src.pages.settings.545","client/src/pages/settings.tsx",545,"اسم الشركة"
"client.src.pages.settings.558","client/src/pages/settings.tsx",558,"هاتف الشركة"
"client.src.pages.settings.571","client/src/pages/settings.tsx",571,"البريد الإلكتروني"
"client.src.pages.settings.585","client/src/pages/settings.tsx",585,"الموقع الإلكتروني"
"client.src.pages.settings.598","client/src/pages/settings.tsx",598,"العنوان"
"client.src.pages.settings.612","client/src/pages/settings.tsx",612,"الرقم الضريبي"
"client.src.pages.settings.626","client/src/pages/settings.tsx",626,"حفظ بيانات الشركة"
"client.src.pages.signatures.320","client/src/pages/signatures.tsx",320,"إدارة التوقيعات"
"client.src.pages.signatures.321","client/src/pages/signatures.tsx",321,"إدارة وتنظيم جميع التوقيعات في النظام"
"client.src.pages.signatures.324","client/src/pages/signatures.tsx",324,"إضافة توقيع جديد"
"client.src.pages.signatures.336","client/src/pages/signatures.tsx",336,"إجمالي التوقيعات"
"client.src.pages.signatures.347","client/src/pages/signatures.tsx",347,"التوقيعات النشطة"
"client.src.pages.signatures.358","client/src/pages/signatures.tsx",358,"التوقيعات غير النشطة"
"client.src.pages.signatures.369","client/src/pages/signatures.tsx",369,"الرفوعات الحديثة"
"client.src.pages.signatures.384","client/src/pages/signatures.tsx",384,"البحث"
"client.src.pages.signatures.389","client/src/pages/signatures.tsx",389,"البحث في التوقيعات..."
"client.src.pages.signatures.397","client/src/pages/signatures.tsx",397,"نوع الكيان"
"client.src.pages.signatures.403","client/src/pages/signatures.tsx",403,"جميع الأنواع"
"client.src.pages.signatures.404","client/src/pages/signatures.tsx",404,"موظف"
"client.src.pages.signatures.405","client/src/pages/signatures.tsx",405,"شركة"
"client.src.pages.signatures.406","client/src/pages/signatures.tsx",406,"ترخيص"
"client.src.pages.signatures.407","client/src/pages/signatures.tsx",407,"إجازة"
"client.src.pages.signatures.408","client/src/pages/signatures.tsx",408,"مستند"
"client.src.pages.signatures.413","client/src/pages/signatures.tsx",413,"الحالة"
"client.src.pages.signatures.419","client/src/pages/signatures.tsx",419,"جميع الحالات"
"client.src.pages.signatures.420","client/src/pages/signatures.tsx",420,"نشط"
"client.src.pages.signatures.421","client/src/pages/signatures.tsx",421,"غير نشط"
"client.src.pages.signatures.437","client/src/pages/signatures.tsx",437,"إعادة تعيين"
"client.src.pages.signatures.449","client/src/pages/signatures.tsx",449,"التوقيعات ("
"client.src.pages.signatures.457","client/src/pages/signatures.tsx",457,"لا توجد توقيعات"
"client.src.pages.signatures.498","client/src/pages/signatures.tsx",498,"التوقيع"
"client.src.pages.signatures.513","client/src/pages/signatures.tsx",513,"تحميل"
"client.src.pages.signatures.521","client/src/pages/signatures.tsx",521,"رفع"
"client.src.pages.signatures.537","client/src/pages/signatures.tsx",537,"تحقق"
"client.src.pages.signatures.546","client/src/pages/signatures.tsx",546,"تعديل"
"client.src.pages.signatures.555","client/src/pages/signatures.tsx",555,"حذف"
"client.src.pages.signatures.582","client/src/pages/signatures.tsx",582,"إضافة توقيع جديد"
"client.src.pages.signatures.583","client/src/pages/signatures.tsx",583,"قم بالتوقيع في المساحة أدناه"
"client.src.pages.signatures.603","client/src/pages/signatures.tsx",603,"تعديل التوقيع"
"client.src.pages.signatures.604","client/src/pages/signatures.tsx",604,"قم بتعديل التوقيع"
"client.src.pages.super_admin_dashboard.83","client/src/pages/super-admin-dashboard.tsx",83,"لوحة تحكم المسؤول العام"
"client.src.pages.super_admin_dashboard.88","client/src/pages/super-admin-dashboard.tsx",88,"تسجيل الخروج"
"client.src.pages.super_admin_dashboard.105","client/src/pages/super-admin-dashboard.tsx",105,"إدارة الشركات"
"client.src.pages.super_admin_dashboard.114","client/src/pages/super-admin-dashboard.tsx",114,"إدارة الموظفين"
"client.src.pages.super_admin_dashboard.123","client/src/pages/super-admin-dashboard.tsx",123,"التقارير"
"client.src.pages.super_admin_dashboard.132","client/src/pages/super-admin-dashboard.tsx",132,"الإعدادات"
"client.src.pages.super_admin_dashboard.142","client/src/pages/super-admin-dashboard.tsx",142,"نظرة عامة"
"client.src.pages.super_admin_dashboard.143","client/src/pages/super-admin-dashboard.tsx",143,"الشركات"
"client.src.pages.super_admin_dashboard.144","client/src/pages/super-admin-dashboard.tsx",144,"النظام"
"client.src.pages.super_admin_dashboard.150","client/src/pages/super-admin-dashboard.tsx",150,"إجمالي الشركات"
"client.src.pages.super_admin_dashboard.156","client/src/pages/super-admin-dashboard.tsx",156,"إجمالي الموظفين"
"client.src.pages.super_admin_dashboard.162","client/src/pages/super-admin-dashboard.tsx",162,"المستخدمين النشطين"
"client.src.pages.super_admin_dashboard.168","client/src/pages/super-admin-dashboard.tsx",168,"حالة النظام"
"client.src.pages.super_admin_dashboard.178","client/src/pages/super-admin-dashboard.tsx",178,"إدارة الشركات"
"client.src.pages.super_admin_dashboard.183","client/src/pages/super-admin-dashboard.tsx",183,"البحث في الشركات..."
"client.src.pages.super_admin_dashboard.190","client/src/pages/super-admin-dashboard.tsx",190,"شركة جديدة"
"client.src.pages.super_admin_dashboard.209","client/src/pages/super-admin-dashboard.tsx",209,"حالة النظام"
"client.src.pages.super_admin_dashboard.215","client/src/pages/super-admin-dashboard.tsx",215,"استخدام الخادم"
"client.src.pages.super_admin_dashboard.221","client/src/pages/super-admin-dashboard.tsx",221,"قاعدة البيانات"
"client.src.pages.super_admin_dashboard.227","client/src/pages/super-admin-dashboard.tsx",227,"التحديث الأخير"
"client.src.pages.super_admin_dashboard.234","client/src/pages/super-admin-dashboard.tsx",234,"إدارة النظام"
"client.src.pages.super_admin_dashboard.242","client/src/pages/super-admin-dashboard.tsx",242,"إعدادات النظام"
"client.src.pages.super_admin_dashboard.243","client/src/pages/super-admin-dashboard.tsx",243,"تكوين النظام العام"
"client.src.pages.super_admin_dashboard.252","client/src/pages/super-admin-dashboard.tsx",252,"إدارة المستخدمين"
"client.src.pages.super_admin_dashboard.253","client/src/pages/super-admin-dashboard.tsx",253,"صلاحيات وأدوار المستخدمين"
"client.src.pages.super_admin_dashboard.262","client/src/pages/super-admin-dashboard.tsx",262,"سجلات النظام"
"client.src.pages.super_admin_dashboard.263","client/src/pages/super-admin-dashboard.tsx",263,"مراقبة نشاط النظام"